Tool,Upload,Download,Copy,Inversion,Grayscale,Threshold,Erosion (3x3 Cross),Erosion (3x3 Square),Erosion (1x3+3x1 Square),Dilation (3x3 Cross),Dilation (3x3 Square),Dilation (1x3+3x1 Square),Convolution (3x3 Gaussian Blur),Convolution (1x3+3x1 Gaussian Blur),Convolution (5x5 Gaussian Blur),Convolution (1x5+5x1 Gaussian Blur),Gaussian Blur (3x3)
CUDA,53.791846,59.254799,4.948093,5.209675,5.712192,5.219541,16.582907,18.320976,22.972368,16.87779,18.98323,24.373622,14.505329,18.775434,27.490979,22.585139,18.824935
OpenCV,11.625007,15.275250,2.939967,1.255894,2.214707,1.251392,2.586656,2.702258,5.056510,2.592111,2.702306,5.057605,2.327287,4.289730,3.275498,5.057216,39.398873
MATLAB,10.681811,19.213693,0.001422,0.078044,6.655125,0.016374,8.758027,9.313341,11.150636,8.657920,9.201732,11.035648,23.913314,52.888945,24.078633,52.763706,20.477430
SYCL,11.094086,15.889138,1.339829,1.862045,1.616300,1.878173,8.444764,9.791751,8.724617,8.450215,9.777083,8.542118,9.295212,8.484524,19.320444,11.692046,3.115040
VisionGL,17.037199,19.480001,1.584068,1.584519,1.584666,1.584724,3.192812,3.143420,5.047741,3.191952,3.200868,5.067978,3.024686,5.011536,4.675456,5.557838,1.934583